Date,Open,High,Low,Close,Adj Close,Volume
2018-10-08,1.004100,1.007680,1.001900,1.002210,1.002210,382900
2018-10-09,1.004270,1.008330,1.000030,1.006860,1.006860,108803
2018-10-10,1.004940,1.019080,1.003970,1.009620,1.009620,711783
2018-10-11,1.009940,1.031230,1.001730,1.009780,1.009780,4177290
2018-10-12,1.008610,1.018710,1.001140,1.012720,1.012720,1322240
2018-10-13,1.014450,1.020290,1.003550,1.007430,1.007430,698507
2018-10-14,1.007260,1.022510,1.004920,1.016310,1.016310,982750
2018-10-15,1.016900,1.113730,0.998372,1.026800,1.026800,10660400
2018-10-16,1.027230,1.035510,1.018990,1.021430,1.021430,2124080
2018-10-17,1.024040,1.026530,1.010580,1.012190,1.012190,1102740
2018-10-18,1.014660,1.020620,1.009230,1.014890,1.014890,1182450
2018-10-19,1.014750,1.016430,1.006310,1.006980,1.006980,715078
2018-10-20,1.007490,1.013630,1.002550,1.006430,1.006430,299871
2018-10-21,1.006820,1.019610,1.003200,1.012900,1.012900,509276
2018-10-22,1.012310,1.024800,1.003290,1.009300,1.009300,1211160
2018-10-23,1.009230,1.017960,1.007470,1.010590,1.010590,1503840
2018-10-24,1.009380,1.012090,1.002380,1.010020,1.010020,923940
2018-10-25,1.010460,1.013690,1.001900,1.007970,1.007970,1365520
2018-10-26,1.006110,1.015520,1.003520,1.011630,1.011630,950623
2018-10-27,1.012080,1.014890,1.001070,1.008240,1.008240,712963
2018-10-28,1.006620,1.014960,1.002730,1.011070,1.011070,282707
2018-10-29,1.010830,1.019000,1.005530,1.008370,1.008370,1983680
2018-10-30,1.006430,1.010860,1.003010,1.004680,1.004680,715882
2018-10-31,1.006730,1.008730,0.994033,0.996386,0.996386,1279360
2018-11-01,0.996413,1.018400,0.991167,0.992502,0.992502,1800480
2018-11-02,0.992897,1.008010,0.988213,0.999969,0.999969,2042390
2018-11-03,1.000280,1.008300,0.997810,1.003790,1.003790,1402480
2018-11-04,1.004010,1.008090,0.982746,0.997669,0.997669,2144200
2018-11-05,0.996997,1.007450,0.996702,0.998748,0.998748,1287400
2018-11-06,1.002490,1.005060,0.997110,1.000520,1.000520,2241070
2018-11-07,1.001440,1.011610,0.997181,1.004300,1.004300,2589880
2018-11-08,1.003830,1.007210,0.998625,1.003840,1.003840,3423190
2018-11-09,1.004070,1.013610,1.001940,1.008040,1.008040,3478250
2018-11-10,1.007110,1.029730,0.995854,1.010960,1.010960,2497760
2018-11-11,1.012640,1.019930,0.996741,1.009010,1.009010,4726130
2018-11-12,1.008560,1.015140,1.000600,1.013200,1.013200,6446540
2018-11-13,1.008260,1.022230,0.999477,1.012820,1.012820,6483310
2018-11-14,1.017630,1.043340,0.999077,1.023070,1.023070,24013300
2018-11-15,1.020670,1.061390,1.007850,1.018310,1.018310,18776600
2018-11-16,1.017120,1.039410,1.006180,1.030270,1.030270,9247040
2018-11-17,1.033440,1.039330,1.006160,1.009120,1.009120,5537380
2018-11-18,1.009620,1.014630,1.001180,1.011880,1.011880,5735460
2018-11-19,1.012030,1.052170,1.001310,1.020190,1.020190,27873100
2018-11-20,1.015880,1.056700,1.007220,1.019950,1.019950,43293600
2018-11-21,1.024120,1.032050,1.008920,1.014410,1.014410,20164000
2018-11-22,1.012850,1.022560,1.006160,1.019480,1.019480,11556600
2018-11-23,1.016130,1.027830,1.008330,1.020610,1.020610,17717500
2018-11-24,1.017180,1.039690,1.011050,1.022960,1.022960,19409700
2018-11-25,1.026870,1.040130,0.990265,1.025960,1.025960,23476200
2018-11-26,1.018310,1.058810,1.015510,1.037410,1.037410,29734800
2018-11-27,1.032420,1.038000,0.995528,1.012100,1.012100,13622700
2018-11-28,1.008710,1.025850,1.003720,1.011640,1.011640,23327400
2018-11-29,1.011676,1.020604,1.003920,1.014597,1.014597,18025473
2018-11-30,1.013567,1.020449,1.004066,1.010397,1.010397,14143221
2018-12-01,1.012818,1.025343,1.000194,1.008197,1.008197,14198649
2018-12-02,1.008255,1.031792,0.993287,1.012771,1.012771,10761895
2018-12-03,1.011119,1.016583,1.000216,1.009749,1.009749,12188098
2018-12-04,1.009028,1.016427,1.003540,1.012795,1.012795,12556999
2018-12-05,1.011455,1.018598,1.004892,1.013633,1.013633,14257800
2018-12-06,1.010985,1.021669,1.002132,1.018266,1.018266,21637768
2018-12-07,1.017931,1.025060,1.002381,1.011308,1.011308,29947363
2018-12-08,1.011298,1.027576,1.006570,1.022183,1.022183,17724714
2018-12-09,1.018799,1.032774,1.013917,1.018253,1.018253,14831259
2018-12-10,1.018171,1.029120,1.014796,1.024693,1.024693,12987868
2018-12-11,1.025233,1.037341,1.017229,1.020336,1.020336,12104531
2018-12-12,1.021956,1.042865,0.989760,1.022770,1.022770,10392693
2018-12-13,1.036771,1.036771,0.982985,1.015913,1.015913,8569160
2018-12-14,1.015234,1.028430,1.012029,1.017292,1.017292,11571584
2018-12-15,1.018393,1.021465,0.995121,0.997940,0.997940,8595919
2018-12-16,1.004841,1.041060,0.998009,1.011961,1.011961,9383751
2018-12-17,1.027452,1.033969,0.998068,1.014233,1.014233,18392475
2018-12-18,1.014195,1.020585,1.000013,1.009854,1.009854,24572396
2018-12-19,1.009053,1.020860,1.002078,1.019230,1.019230,46352135
2018-12-20,1.021235,1.024418,1.006774,1.015119,1.015119,58976758
2018-12-21,1.016416,1.024197,1.006100,1.015427,1.015427,46603504
2018-12-22,1.012442,1.019031,0.997087,1.010668,1.010668,26222950
2018-12-23,1.008021,1.017751,1.005426,1.010719,1.010719,23629168
2018-12-24,1.010749,1.021428,0.998428,1.011571,1.011571,43621601
2018-12-25,1.010195,1.028385,1.008046,1.011737,1.011737,27610569
2018-12-26,1.013209,1.021890,1.006779,1.013624,1.013624,19786403
2018-12-27,1.015598,1.033882,1.011579,1.017480,1.017480,23019282
2018-12-28,1.017390,1.018527,0.978583,1.011210,1.011210,28974098
2018-12-29,1.010882,1.040258,1.002529,1.021665,1.021665,22783697
2018-12-30,1.019605,1.025473,1.009650,1.013169,1.013169,18537225
2018-12-31,1.012398,1.025765,1.005236,1.016565,1.016565,20975704
2019-01-01,1.018946,1.022230,1.008677,1.013301,1.013301,17007853
2019-01-02,1.014262,1.020264,1.009168,1.018173,1.018173,18125812
2019-01-03,1.014458,1.022562,1.009954,1.013577,1.013577,15279811
2019-01-04,1.015247,1.017635,1.001058,1.008160,1.008160,17203036
2019-01-05,1.006733,1.016118,1.002453,1.011010,1.011010,15428171
2019-01-06,1.010750,1.015289,0.989169,1.010108,1.010108,18503989
2019-01-07,1.009509,1.012168,1.001629,1.005358,1.005358,18697630
2019-01-08,1.006054,1.016627,1.004016,1.007918,1.007918,23189996
2019-01-09,1.006614,1.011261,1.000763,1.002264,1.002264,23000567
2019-01-10,1.002842,1.034793,1.001950,1.013104,1.013104,51534670
2019-01-11,1.016942,1.017007,1.007705,1.014735,1.014735,25279715
2019-01-12,1.014781,1.017494,1.007727,1.010691,1.010691,12617410
2019-01-13,1.010935,1.026268,1.008318,1.011109,1.011109,16808894
2019-01-14,1.011012,1.016635,0.998744,1.007592,1.007592,25825886
2019-01-15,1.007458,1.017957,1.006510,1.012069,1.012069,26459207
2019-01-16,1.013240,1.017729,1.007983,1.012363,1.012363,25957206
2019-01-17,1.010018,1.044892,1.009570,1.030353,1.030353,41708422
2019-01-18,1.029061,1.035452,1.009830,1.013115,1.013115,18899249
2019-01-19,1.009877,1.014776,1.002610,1.011411,1.011411,15830400
2019-01-20,1.012287,1.028619,1.010475,1.016669,1.016669,14934092
2019-01-21,1.015445,1.022765,1.006686,1.012547,1.012547,12277261
2019-01-22,1.013008,1.016689,1.006482,1.008541,1.008541,18848807
2019-01-23,1.008717,1.013386,1.006289,1.008735,1.008735,14686835
2019-01-24,1.009252,1.013040,1.006649,1.010271,1.010271,19309437
2019-01-25,1.010969,1.013593,1.008943,1.012050,1.012050,16078526
2019-01-26,1.011975,1.015330,1.006315,1.012476,1.012476,12311593
2019-01-27,1.013716,1.019326,1.011610,1.013942,1.013942,17334193
2019-01-28,1.014656,1.019120,1.010957,1.011802,1.011802,34421448
2019-01-29,1.011794,1.017394,1.010076,1.014050,1.014050,26620698
2019-01-30,1.013843,1.016512,1.009880,1.013233,1.013233,28233801
2019-01-31,1.013162,1.015769,1.000758,1.012485,1.012485,30016994
2019-02-01,1.011765,1.031892,1.007820,1.015844,1.015844,26896947
2019-02-02,1.014754,1.018364,1.011025,1.018338,1.018338,23207115
2019-02-03,1.015590,1.016900,1.006641,1.014244,1.014244,26365349
2019-02-04,1.013760,1.016735,1.009285,1.011425,1.011425,24242526
2019-02-05,1.011568,1.014166,1.005800,1.008729,1.008729,19011789
2019-02-06,1.008877,1.017234,1.007527,1.013051,1.013051,27032564
2019-02-07,1.013649,1.024724,1.008753,1.011048,1.011048,15429983
2019-02-08,1.011392,1.024335,1.008219,1.017312,1.017312,31291520
2019-02-09,1.017205,1.018623,1.008242,1.011701,1.011701,21523062
2019-02-10,1.011949,1.020550,1.010241,1.014389,1.014389,19451268
2019-02-11,1.015701,1.019636,1.011723,1.013289,1.013289,19063318
2019-02-12,1.012431,1.019593,1.011379,1.017774,1.017774,28682063
2019-02-13,1.018412,1.019185,1.008824,1.011628,1.011628,27483515
2019-02-14,1.010976,1.015570,1.009054,1.011429,1.011429,27582140
2019-02-15,1.011974,1.016546,1.003474,1.011823,1.011823,35775279
2019-02-16,1.011506,1.015649,1.006994,1.013239,1.013239,44255529
2019-02-17,1.014425,1.026548,1.008302,1.023789,1.023789,45168007
2019-02-18,1.023102,1.030941,1.001529,1.012897,1.012897,51464756
2019-02-19,1.013004,1.019669,1.003323,1.004069,1.004069,49393554
2019-02-20,1.004050,1.020463,0.998658,1.015741,1.015741,41527390
2019-02-21,1.015286,1.016394,1.005130,1.012017,1.012017,35317064
2019-02-22,1.009836,1.019425,1.005461,1.015738,1.015738,32159403
2019-02-23,1.014066,1.037758,1.007201,1.012145,1.012145,36243964
2019-02-24,1.013239,1.028912,0.998950,1.007181,1.007181,51756152
2019-02-25,1.004343,1.022759,1.004343,1.017586,1.017586,52796841
2019-02-26,1.016230,1.021519,1.011172,1.011172,1.011172,42569527
2019-02-27,1.012675,1.021757,1.008285,1.015962,1.015962,38328217
2019-02-28,1.015192,1.019919,1.010603,1.013673,1.013673,31630079
2019-03-01,1.013117,1.023724,1.010856,1.010856,1.010856,21097111
2019-03-02,1.010092,1.020117,1.008078,1.009985,1.009985,18482080
2019-03-03,1.008706,1.014854,1.006931,1.011975,1.011975,17429846
2019-03-04,1.010314,1.017491,1.010314,1.015483,1.015483,23960578
2019-03-05,1.015727,1.016845,1.010612,1.016845,1.016845,32016571
2019-03-06,1.017554,1.020754,1.011851,1.013903,1.013903,24347412
2019-03-07,1.013458,1.017764,1.011248,1.013485,1.013485,24225454
2019-03-08,1.014445,1.021451,1.010582,1.014519,1.014519,27535813
2019-03-09,1.014162,1.020489,1.011231,1.012358,1.012358,24550954
2019-03-10,1.014305,1.022843,1.010446,1.019504,1.019504,21622742
2019-03-11,1.020557,1.021483,1.010479,1.013620,1.013620,25473881
2019-03-12,1.013250,1.016528,1.007854,1.012157,1.012157,25249458
2019-03-13,1.012821,1.019185,1.010847,1.013292,1.013292,32955078
2019-03-14,1.013374,1.020239,1.012436,1.017090,1.017090,30654411
2019-03-15,1.016306,1.019620,1.014160,1.015260,1.015260,30356979
2019-03-16,1.016044,1.018657,1.011298,1.015428,1.015428,35637112
2019-03-17,1.015052,1.023567,1.014361,1.019449,1.019449,38655614
2019-03-18,1.020425,1.022032,1.010794,1.015398,1.015398,41889761
2019-03-19,1.015600,1.021019,1.014354,1.016152,1.016152,34394867
2019-03-20,1.016869,1.017715,1.009990,1.014158,1.014158,43164011
2019-03-21,1.013644,1.016828,1.010556,1.014048,1.014048,43135935
2019-03-22,1.013600,1.017715,1.008660,1.009016,1.009016,33465329
2019-03-23,1.009157,1.015117,1.007462,1.012214,1.012214,23348602
2019-03-24,1.011324,1.012772,1.003366,1.008054,1.008054,17336324
2019-03-25,1.008746,1.024254,1.006248,1.012813,1.012813,34431703
2019-03-26,1.013405,1.015081,1.009070,1.012508,1.012508,33876854
2019-03-27,1.012514,1.019659,1.011054,1.016144,1.016144,37698423
2019-03-28,1.016435,1.020601,1.006387,1.013795,1.013795,28392576
2019-03-29,1.013795,1.015089,0.998833,1.002529,1.002529,37377861
2019-03-30,1.000947,1.049149,0.992955,1.001990,1.001990,26227081
2019-03-31,1.001990,1.008057,0.998965,1.001494,1.001494,24262615
2019-04-01,1.001394,1.005910,0.994119,1.002633,1.002633,30912903
2019-04-02,1.002338,1.022610,0.993830,1.001930,1.001930,75355543
2019-04-03,1.001950,1.024855,0.989150,1.000929,1.000929,87987040
2019-04-04,1.000980,1.006990,0.997176,1.002345,1.002345,52686902
2019-04-05,1.002703,1.009742,1.000150,1.002799,1.002799,43799308
2019-04-06,1.003230,1.011863,0.997351,1.001002,1.001002,43756481
2019-04-07,1.000422,1.013263,0.998052,1.005359,1.005359,43184042
2019-04-08,1.005749,1.008037,0.993660,1.002128,1.002128,49978405
2019-04-09,1.002128,1.004023,0.996617,1.001181,1.001181,40372954
2019-04-10,1.000973,1.014706,0.995967,1.001379,1.001379,48590445
2019-04-11,1.001674,1.005682,0.997779,1.002826,1.002826,63695457
2019-04-12,1.002579,1.005833,0.998884,1.002898,1.002898,44545387
2019-04-13,1.003026,1.006115,1.000305,1.004067,1.004067,35520365
2019-04-14,1.004067,1.009900,0.999414,1.008025,1.008025,31692818
2019-04-15,1.008025,1.009677,0.995659,0.998980,0.998980,44283943
2019-04-16,0.999090,1.013753,0.997580,1.010408,1.010408,31481366
2019-04-17,1.011734,1.014481,1.001949,1.005684,1.005684,32737398
2019-04-18,1.005480,1.007623,1.000258,1.002645,1.002645,41597044
2019-04-19,1.003558,1.005239,0.997392,1.002629,1.002629,34134430
2019-04-20,1.002942,1.005642,0.996162,1.000969,1.000969,39216250
2019-04-21,1.001430,1.007247,0.994411,1.002083,1.002083,46250000
2019-04-22,1.002070,1.008207,0.996921,1.003838,1.003838,46697245
2019-04-23,1.003562,1.005401,0.994680,0.999439,0.999439,55954909
2019-04-24,0.999439,1.004548,0.991965,0.998931,0.998931,56853285
2019-04-25,0.998737,1.017527,0.996014,1.007150,1.007150,82371631
2019-04-26,1.005209,1.024262,1.005209,1.019394,1.019394,113370626
2019-04-27,1.019079,1.021036,1.011624,1.012979,1.012979,48849898
2019-04-28,1.013008,1.018956,1.012301,1.015594,1.015594,44378359
2019-04-29,1.015891,1.018485,1.010362,1.015281,1.015281,71768244
2019-04-30,1.015309,1.017551,1.010917,1.015304,1.015304,81415438
2019-05-01,1.015209,1.016276,1.008236,1.011903,1.011903,90100967
2019-05-02,1.011642,1.018534,1.011327,1.016192,1.016192,83209787
2019-05-03,1.016300,1.023689,1.009820,1.017826,1.017826,108921203
2019-05-04,1.017826,1.022566,1.005738,1.009245,1.009245,117381605
2019-05-05,1.009766,1.013185,1.003257,1.009386,1.009386,79929581
2019-05-06,1.009170,1.012383,1.006452,1.008191,1.008191,89601155
2019-05-07,1.008147,1.016902,1.002871,1.010692,1.010692,100559475
2019-05-08,1.009758,1.017101,1.005150,1.007400,1.007400,99486108
2019-05-09,1.007202,1.009637,1.002186,1.004044,1.004044,134758323
2019-05-10,1.004333,1.009812,1.000587,1.005607,1.005607,247829264
2019-05-11,1.006718,1.010416,0.988557,0.996858,0.996858,510302993
2019-05-12,0.995416,1.011861,0.991182,0.998353,0.998353,481377527
2019-05-13,0.998353,1.008020,0.982583,0.999698,0.999698,268233283
2019-05-14,0.998884,1.009403,0.992935,0.998841,0.998841,235041654
2019-05-15,0.998905,1.003252,0.994539,0.998186,0.998186,217410064
2019-05-16,0.997517,1.012566,0.990904,0.998787,0.998787,289789111
2019-05-17,0.999223,1.018815,0.993125,0.998729,0.998729,293691288
2019-05-18,0.998729,1.006791,0.993306,0.996542,0.996542,154811622
2019-05-19,0.997067,1.007532,0.989989,1.002773,1.002773,184721780
2019-05-20,1.002773,1.014682,0.992919,0.996524,0.996524,276118420
2019-05-21,0.997358,1.003510,0.994719,0.998889,0.998889,170890835
2019-05-22,0.998889,1.008836,0.992418,1.000087,1.000087,125174452
2019-05-23,1.000196,1.003580,0.995097,0.999963,0.999963,129739544
2019-05-24,0.999716,1.003534,0.997170,0.998375,0.998375,148518446
2019-05-25,0.998375,1.001138,0.996547,0.998015,0.998015,95403891
2019-05-26,0.997863,1.004628,0.992297,0.997113,0.997113,132653003
2019-05-27,0.997423,1.017167,0.995018,1.004838,1.004838,157886328
2019-05-28,1.005731,1.007347,0.997233,1.005179,1.005179,106019351
2019-05-29,1.005424,1.006638,0.997151,0.998430,0.998430,115843796
2019-05-30,0.998430,1.023725,0.994786,0.999490,0.999490,169319401
2019-05-31,0.999490,1.006238,0.996261,1.001047,1.001047,98020521
2019-06-01,1.000655,1.007660,0.996020,0.999937,0.999937,70583907
2019-06-02,0.999937,1.006974,0.995501,0.999191,0.999191,80548187
2019-06-03,0.999191,1.017047,0.993418,0.997897,0.997897,111821198
2019-06-04,0.999079,1.015426,0.992253,1.002485,1.002485,136428049
2019-06-05,1.002485,1.011631,0.997838,1.003696,1.003696,93861385
2019-06-06,1.003114,1.013930,0.994034,1.003733,1.003733,85196344
2019-06-07,1.004525,1.004879,0.997801,1.001690,1.001690,86557460
2019-06-08,1.001207,1.004138,0.993335,0.994124,0.994124,58308368
2019-06-09,0.993977,1.003120,0.993333,1.001664,1.001664,71761740
2019-06-10,1.000612,1.004121,0.993354,1.000683,1.000683,84730095
2019-06-11,1.000810,1.006172,0.997643,1.000738,1.000738,77849492
2019-06-12,1.001022,1.004015,0.991834,0.999854,0.999854,104507306
2019-06-13,0.999089,1.002803,0.997685,0.998953,0.998953,100661027
2019-06-14,0.999251,1.002991,0.996035,1.002580,1.002580,102745227
2019-06-15,1.001634,1.003166,0.997003,0.999234,0.999234,74693218
2019-06-16,0.999234,1.013554,0.996731,1.000211,1.000211,110310160
2019-06-17,1.000143,1.006249,0.996585,1.002318,1.002318,109557094
2019-06-18,1.004170,1.006218,0.996994,0.998628,0.998628,100022653
2019-06-19,0.998301,1.002898,0.996585,0.998910,0.998910,76300038
2019-06-20,0.998658,1.001454,0.993101,0.997663,0.997663,119884299
2019-06-21,0.997613,1.008148,0.996049,0.998051,0.998051,112588159
2019-06-22,0.998379,1.018914,0.995403,0.999975,0.999975,198318684
2019-06-23,0.999852,1.014099,0.997140,1.000463,1.000463,126408037
2019-06-24,1.000463,1.007495,0.996780,1.000000,1.000000,146462988
2019-06-25,0.999824,1.011964,0.996470,1.002846,1.002846,162151709
2019-06-26,1.002846,1.039043,0.993659,1.004522,1.004522,301891501
2019-06-27,1.004522,1.014846,0.996534,1.001822,1.001822,270933375
2019-06-28,1.000684,1.008437,0.998175,1.002670,1.002670,222978120
2019-06-29,1.002770,1.017361,0.996093,0.999632,0.999632,204845657
2019-06-30,1.000471,1.012142,0.997760,1.003192,1.003192,184930416
2019-07-01,1.003192,1.010282,0.995322,1.000837,1.000837,180323705
2019-07-02,1.000579,1.008890,0.988337,1.002063,1.002063,197506894
2019-07-03,1.002373,1.006628,0.988104,1.000990,1.000990,187818876
2019-07-04,1.001410,1.014531,0.996877,0.999386,0.999386,157145205
2019-07-05,0.999067,1.008679,0.992536,1.000466,1.000466,105604889
2019-07-06,1.000374,1.007295,0.991650,0.996120,0.996120,95844874
2019-07-07,0.995885,1.003343,0.992826,0.996720,0.996720,79091529
2019-07-08,0.996836,1.004625,0.986718,0.999370,0.999370,122496181
2019-07-09,0.999553,1.014744,0.995197,0.999477,0.999477,164588273
2019-07-10,0.997852,1.014306,0.992218,1.001110,1.001110,190158658
2019-07-11,1.001079,1.010073,0.995616,0.999335,0.999335,178747822
2019-07-12,0.998723,1.004236,0.994868,1.001400,1.001400,135296874
2019-07-13,1.001901,1.009782,0.995311,0.999131,0.999131,95762367
2019-07-14,0.998642,1.011654,0.995564,0.998568,0.998568,106041670
2019-07-15,0.999675,1.007358,0.994530,1.003613,1.003613,138049441
2019-07-16,1.004521,1.011870,0.994945,0.999941,0.999941,184923693
2019-07-17,1.000761,1.005520,0.994468,1.002289,1.002289,162980968
2019-07-18,1.002467,1.006950,0.985636,1.003289,1.003289,170055529
2019-07-19,1.003289,1.016472,0.991116,0.999852,0.999852,123323972
2019-07-20,0.999388,1.012785,0.994835,1.001830,1.001830,97823106
2019-07-21,1.002566,1.006294,0.997714,1.001431,1.001431,77161429
2019-07-22,1.001157,1.014240,0.993030,1.001711,1.001711,84139079
2019-07-23,1.001405,1.005345,0.995938,1.001104,1.001104,76690057
2019-07-24,1.001104,1.011465,0.997353,1.003263,1.003263,81723548
2019-07-25,1.003572,1.007939,0.994109,1.003125,1.003125,94853819
2019-07-26,1.002710,1.008874,0.996990,1.002608,1.002608,65047970
2019-07-27,1.002608,1.017974,0.991735,1.000623,1.000623,112409400
2019-07-28,1.000623,1.011242,0.987132,1.002015,1.002015,61030066
2019-07-29,1.000851,1.008105,0.996313,1.002725,1.002725,64034829
2019-07-30,1.002697,1.005447,0.993544,1.002623,1.002623,72740003
2019-07-31,1.001686,1.005312,0.997600,1.001693,1.001693,76363107
2019-08-01,1.001615,1.006056,0.995647,1.002258,1.002258,90755236
2019-08-02,1.002508,1.008711,0.998910,0.999780,0.999780,108695096
2019-08-03,0.999885,1.005117,0.997354,1.001781,1.001781,139947812
2019-08-04,1.001928,1.005114,0.993340,0.998090,0.998090,105761004
2019-08-05,0.998154,1.006179,0.991843,1.002105,1.002105,343644659
2019-08-06,1.002952,1.018675,0.995984,0.999602,0.999602,149803388
2019-08-07,0.999113,1.018451,0.996901,1.001156,1.001156,133917479
2019-08-08,1.001156,1.006976,0.994048,0.996485,0.996485,107836436
2019-08-09,0.996951,1.005394,0.996643,0.999862,0.999862,86084349
2019-08-10,0.999862,1.022711,0.996632,1.003114,1.003114,121464047
2019-08-11,1.003114,1.008513,0.997097,0.997543,0.997543,88725828
2019-08-12,0.998814,1.010881,0.998022,1.002359,1.002359,101717903
2019-08-13,1.001779,1.007376,0.998525,1.000630,1.000630,106639934
2019-08-14,1.000356,1.013373,0.996125,1.001968,1.001968,155009810
2019-08-15,1.001968,1.007255,0.989804,1.000914,1.000914,139392936
2019-08-16,1.001361,1.008332,0.986852,1.000861,1.000861,125713021
2019-08-17,1.000717,1.006187,0.994025,1.000853,1.000853,87160072
2019-08-18,1.000302,1.004606,0.994150,1.001784,1.001784,84496697
2019-08-19,1.001713,1.005922,0.994657,1.001148,1.001148,110441849
2019-08-20,1.001262,1.006370,0.997714,1.001564,1.001564,95290236
2019-08-21,1.001376,1.017171,0.994326,0.999723,0.999723,140393308
2019-08-22,0.999723,1.013541,0.995880,1.000238,1.000238,161974031
2019-08-23,1.000238,1.011168,0.990463,1.001519,1.001519,166459701
2019-08-24,1.001776,1.013624,0.994897,1.002682,1.002682,148820460
2019-08-25,1.002682,1.012382,0.995392,0.999175,0.999175,155556320
2019-08-26,0.999066,1.008121,0.987236,1.002137,1.002137,188397602
2019-08-27,1.002252,1.008990,0.997729,1.001307,1.001307,134282531
2019-08-28,1.000887,1.028490,0.996451,0.999821,0.999821,167046464
2019-08-29,1.000283,1.007753,0.997436,1.003471,1.003471,148444116
2019-08-30,1.003471,1.006465,0.997924,1.000485,1.000485,118556193
2019-08-31,1.000558,1.010355,0.999304,1.003442,1.003442,88557733
2019-09-01,1.003456,1.004914,0.997470,1.001210,1.001210,85163334
2019-09-02,1.001251,1.002610,0.990110,0.997990,0.997990,188570485
2019-09-03,0.998343,1.008437,0.994706,1.000587,1.000587,312426040
2019-09-04,1.000898,1.005939,0.995907,1.001098,1.001098,214046131
2019-09-05,1.001156,1.004951,0.995707,0.999252,0.999252,161117389
2019-09-06,0.999252,1.017088,0.995256,1.002477,1.002477,235777567
2019-09-07,1.003149,1.004661,0.995327,1.002406,1.002406,216553605
2019-09-08,1.002181,1.016893,0.996857,1.003195,1.003195,184302338
2019-09-09,1.003195,1.009406,0.990455,1.001375,1.001375,320254412
2019-09-10,1.001247,1.016855,0.998622,1.001311,1.001311,287595684
2019-09-11,1.001311,1.008194,0.998584,1.002054,1.002054,170908062
2019-09-12,1.002386,1.005950,0.997735,0.999025,0.999025,208929233
2019-09-13,0.999028,1.006490,0.997497,0.998835,0.998835,159607257
2019-09-14,0.999584,1.004739,0.998116,0.999346,0.999346,146591060
2019-09-15,0.999346,1.006140,0.998562,1.003387,1.003387,108479017
2019-09-16,1.003133,1.010504,0.995350,0.999926,0.999926,303681510
2019-09-17,1.000015,1.006766,0.998124,1.003121,1.003121,171423477
2019-09-18,1.004035,1.007096,1.000588,1.004055,1.004055,166194614
2019-09-19,1.004128,1.025154,0.990057,0.998835,0.998835,232010536
2019-09-20,1.000002,1.005593,0.998869,1.001370,1.001370,192695287
2019-09-21,1.001067,1.007297,0.999548,1.003060,1.003060,159348829
2019-09-22,1.003494,1.008737,0.998308,1.002131,1.002131,122958976
2019-09-23,1.003201,1.015310,0.999805,1.003065,1.003065,141559451
2019-09-24,1.003201,1.055047,0.991236,1.004102,1.004102,289013278
2019-09-25,1.002434,1.009783,0.997773,1.004902,1.004902,216810339
2019-09-26,1.004897,1.024528,0.997547,1.005321,1.005321,198067687
2019-09-27,1.005290,1.010161,0.999578,1.006369,1.006369,157011691
2019-09-28,1.006144,1.011094,0.995803,1.002170,1.002170,118395271
2019-09-29,1.002463,1.015794,0.999218,1.004490,1.004490,114528745
2019-09-30,1.004472,1.013317,0.996290,1.001386,1.001386,176210397
2019-10-01,1.000684,1.009326,0.995453,1.003273,1.003273,139974502
2019-10-02,1.003273,1.006474,0.998628,1.001128,1.001128,170359263
2019-10-03,1.000854,1.010141,0.997937,1.002371,1.002371,217085171
2019-10-04,1.002292,1.013045,1.000176,1.005407,1.005407,154530799
2019-10-05,1.005407,1.008510,0.996109,0.998863,0.998863,131141182
2019-10-06,0.998916,1.021896,0.996903,1.013547,1.013547,154064852
2019-10-07,1.012269,1.017311,0.996638,1.005492,1.005492,183256904
2019-10-08,1.004857,1.009145,0.998372,1.005445,1.005445,182457962
2019-10-09,1.005445,1.010168,0.991701,1.000868,1.000868,213518684
2019-10-10,1.000534,1.003993,0.995636,1.000492,1.000492,219588027
2019-10-11,1.000301,1.012977,0.990913,1.007018,1.007018,212197499
2019-10-12,1.007018,1.007018,0.999284,1.002841,1.002841,155919006
2019-10-13,1.002942,1.015355,0.999925,1.003169,1.003169,141554667
2019-10-14,1.003169,1.007606,0.994080,1.002749,1.002749,190937613
2019-10-15,1.002949,1.014311,0.996476,1.004290,1.004290,225464591
2019-10-16,1.004313,1.010509,0.999840,1.004679,1.004679,273003369
2019-10-17,1.004382,1.008238,1.001004,1.003134,1.003134,163371782
2019-10-18,1.003134,1.015130,1.000615,1.001674,1.001674,167707575
2019-10-19,1.001489,1.008429,0.996503,1.003930,1.003930,134004655
2019-10-20,1.003700,1.007354,0.990779,1.000503,1.000503,142910830
2019-10-21,1.000530,1.004761,0.998845,1.002588,1.002588,204345569
2019-10-22,1.002224,1.006758,1.000020,1.002693,1.002693,157055490
2019-10-23,1.002603,1.035086,1.000451,1.003170,1.003170,202607602
2019-10-24,1.002908,1.007723,1.001949,1.007723,1.007723,169699224
2019-10-25,1.007723,1.009265,0.974553,1.000640,1.000640,269128282
2019-10-26,1.000590,1.008890,0.967926,0.998885,0.998885,325436453
2019-10-27,0.998996,1.006856,0.973098,1.000814,1.000814,259625515
2019-10-28,1.000402,1.006402,0.974623,1.001158,1.001158,279804543
2019-10-29,1.002181,1.012312,0.992215,0.999635,0.999635,275012859
2019-10-30,1.000038,1.007944,0.998396,1.002588,1.002588,278236712
2019-10-31,1.002402,1.040577,0.996350,1.004975,1.004975,238812359
2019-11-01,1.005261,1.009021,0.998652,1.001874,1.001874,244379930
2019-11-02,1.001874,1.009900,0.995357,1.002746,1.002746,222754025
2019-11-03,1.003137,1.012529,0.997735,1.003212,1.003212,208342328
2019-11-04,1.002908,1.006937,0.991435,1.002729,1.002729,310602968
2019-11-05,1.002729,1.008332,0.995417,1.003358,1.003358,294667615
2019-11-06,1.003995,1.006654,0.999218,1.001407,1.001407,254889570
2019-11-07,1.001480,1.009044,0.999596,1.006104,1.006104,239841337
2019-11-08,1.005951,1.014485,0.999713,1.002702,1.002702,274189415
2019-11-09,1.002871,1.006714,0.999435,0.999908,0.999908,181125623
2019-11-10,1.000439,1.009478,0.987540,1.002100,1.002100,208138709
2019-11-11,1.002180,1.012130,0.999296,1.004065,1.004065,249046403
2019-11-12,1.004091,1.011043,0.997958,1.002707,1.002707,231927404
2019-11-13,1.002514,1.008559,1.000532,1.004377,1.004377,221641563
2019-11-14,1.004536,1.014699,1.000975,1.006939,1.006939,206724419
2019-11-15,1.007578,1.015107,0.998942,1.002590,1.002590,217386443
2019-11-16,1.002776,1.010978,1.002381,1.007969,1.007969,196265977
2019-11-17,1.007969,1.018982,1.002996,1.008219,1.008219,348968468
2019-11-18,1.008415,1.023304,1.007266,1.013629,1.013629,318741886
2019-11-19,1.014206,1.029226,1.004130,1.010225,1.010225,270511693
2019-11-20,1.010225,1.020068,1.004363,1.007014,1.007014,243202937
2019-11-21,1.006576,1.020598,1.002571,1.004042,1.004042,273585206
2019-11-22,1.004042,1.015717,0.992034,1.001247,1.001247,360936425
2019-11-23,1.001101,1.015544,0.998939,1.011744,1.011744,278078472
2019-11-24,1.011994,1.016546,1.002090,1.008879,1.008879,205327943
2019-11-25,1.008133,1.019107,0.987095,1.000393,1.000393,292879020
2019-11-26,1.000122,1.019233,0.996793,1.007935,1.007935,253662665
2019-11-27,1.002430,1.028931,0.985044,1.007488,1.007488,320421509
2019-11-28,1.007001,1.031532,1.004139,1.006755,1.006755,297912088
2019-11-29,1.006491,1.016424,0.992705,1.003050,1.003050,243248443
2019-11-30,1.002871,1.013131,0.991826,0.997658,0.997658,225316662
2019-12-01,0.997869,1.011173,0.981535,0.996450,0.996450,195974260
2019-12-02,0.996619,1.013469,0.987113,0.998794,0.998794,236676758
2019-12-03,0.998794,1.012391,0.988956,1.002146,1.002146,220114424
2019-12-04,1.002410,1.013198,0.989386,1.004955,1.004955,266815750
2019-12-05,1.004106,1.014342,0.995629,1.008945,1.008945,278757472
2019-12-06,1.009159,1.011797,0.998641,1.003251,1.003251,303997788
2019-12-07,1.003875,1.009701,1.002035,1.006559,1.006559,303307059
2019-12-08,1.006363,1.013837,1.002094,1.005470,1.005470,343379311
2019-12-09,1.006105,1.010999,0.996310,1.005754,1.005754,289633306
2019-12-10,1.005877,1.010797,1.000658,1.006341,1.006341,337364122
2019-12-11,1.006807,1.013948,1.000770,1.000770,1.000770,220178877
2019-12-12,1.000751,1.013902,0.995326,1.006966,1.006966,254328990
2019-12-13,1.006781,1.008259,1.000979,1.003056,1.003056,234842837
2019-12-14,1.003325,1.010035,1.001658,1.006866,1.006866,219599263
2019-12-15,1.006866,1.008901,0.997125,1.005689,1.005689,245259537
2019-12-16,1.005709,1.019480,1.000727,1.003617,1.003617,267804554
2019-12-17,1.003617,1.021874,0.994054,0.998726,0.998726,343419650
2019-12-18,0.997872,1.034401,0.993737,1.009051,1.009051,502511827
2019-12-19,1.009341,1.023168,0.996854,1.009815,1.009815,328027662
2019-12-20,1.009815,1.014274,1.003919,1.005709,1.005709,286324794
2019-12-21,1.005663,1.009481,1.004758,1.007746,1.007746,318647354
2019-12-22,1.007756,1.008865,0.998062,1.002088,1.002088,304211343
2019-12-23,1.001587,1.009676,0.995127,1.000583,1.000583,318337304
2019-12-24,1.001189,1.025784,0.999744,1.010236,1.010236,228681222
2019-12-25,1.010236,1.020825,1.004904,1.012936,1.012936,275322378
2019-12-26,1.012936,1.016216,0.996978,1.005048,1.005048,220889371
2019-12-27,1.005338,1.024282,0.997283,1.008644,1.008644,273234537
2019-12-28,1.008644,1.012573,1.001981,1.002402,1.002402,264015986
2019-12-29,1.002526,1.027343,0.999790,1.005283,1.005283,277058217
2019-12-30,1.006146,1.014492,1.004481,1.009358,1.009358,391410188
2019-12-31,1.009198,1.014253,1.001067,1.003730,1.003730,267041315
2020-01-01,1.003730,1.006639,1.001989,1.004079,1.004079,242586528
2020-01-02,1.004431,1.012636,1.002543,1.005017,1.005017,318268134
2020-01-03,1.005357,1.007928,0.988455,1.005273,1.005273,374792167
2020-01-04,1.004818,1.018391,1.001273,1.009466,1.009466,334494308
2020-01-05,1.008748,1.018718,1.003932,1.008497,1.008497,334597544
2020-01-06,1.009073,1.015182,0.999635,1.003119,1.003119,383494516
2020-01-07,1.003652,1.010914,0.997817,0.999500,0.999500,400308774
2020-01-08,0.999983,1.013774,0.992388,1.004603,1.004603,410892668
2020-01-09,1.003612,1.011632,0.997040,1.007031,1.007031,307584171
2020-01-10,1.008287,1.016210,0.994234,1.000822,1.000822,350097573
2020-01-11,1.001227,1.009413,0.995334,1.002529,1.002529,287180029
2020-01-12,1.002041,1.011384,0.997059,1.004318,1.004318,330297498
2020-01-13,1.004209,1.012062,1.000579,1.004319,1.004319,343177235
2020-01-14,1.005347,1.019537,0.994486,1.002371,1.002371,469120389
2020-01-15,1.001540,1.026960,0.992192,1.001165,1.001165,493412531
2020-01-16,1.001071,1.007364,0.998993,1.002668,1.002668,430662074
2020-01-17,1.002522,1.006515,0.998318,1.004523,1.004523,479116540
2020-01-18,1.004148,1.007764,0.999839,1.005320,1.005320,413666367
2020-01-19,1.005082,1.025253,0.993860,0.997290,0.997290,423373607
2020-01-20,0.997347,1.005031,0.996485,1.000803,1.000803,343768616
2020-01-21,1.000669,1.003836,0.997227,1.002642,1.002642,311559856
2020-01-22,1.002019,1.007620,0.998714,1.001615,1.001615,309750921
2020-01-23,1.001468,1.004087,0.995977,1.000879,1.000879,320079261
2020-01-24,1.001023,1.004734,0.994215,1.002793,1.002793,315274054
2020-01-25,1.003114,1.004892,0.998438,1.002035,1.002035,265326087
2020-01-26,1.002094,1.014630,0.997740,1.012184,1.012184,292385181
2020-01-27,1.012199,1.023860,1.007301,1.019121,1.019121,393996733
2020-01-28,1.019076,1.026938,1.004933,1.024196,1.024196,502474594
2020-01-29,1.024370,1.029755,1.012646,1.025096,1.025096,381758732
2020-01-30,1.024404,1.051868,1.022409,1.044029,1.044029,316332808
2020-01-31,1.043627,1.046054,1.021648,1.028374,1.028374,361818896
2020-02-01,1.028595,1.036741,1.022243,1.027546,1.027546,313660538
2020-02-02,1.027542,1.036828,1.022006,1.028210,1.028210,384098792
2020-02-03,1.028210,1.033440,1.023058,1.026434,1.026434,387993602
2020-02-04,1.025538,1.029241,1.019669,1.024436,1.024436,382499609
2020-02-05,1.024184,1.035401,1.022499,1.031869,1.031869,468527693
2020-02-06,1.032013,1.033242,1.022983,1.024657,1.024657,501097854
2020-02-07,1.024563,1.024818,1.014773,1.016931,1.016931,676480629
2020-02-08,1.017291,1.024014,1.015196,1.019542,1.019542,620221599
2020-02-09,1.019204,1.042024,1.015985,1.024578,1.024578,659695137
2020-02-10,1.023527,1.031175,1.015232,1.018856,1.018856,733552993
2020-02-11,1.018272,1.022290,1.004748,1.014909,1.014909,845894777
2020-02-12,1.014534,1.035393,1.012526,1.033137,1.033137,555559141
2020-02-13,1.033482,1.046798,1.018275,1.019116,1.019116,850741759
2020-02-14,1.018646,1.022825,1.014873,1.016723,1.016723,928033207
2020-02-15,1.016723,1.030789,1.009241,1.011255,1.011255,848189242
2020-02-16,1.011333,1.022326,1.007507,1.009634,1.009634,926497189
2020-02-17,1.011007,1.017807,1.007169,1.011898,1.011898,983888760
2020-02-18,1.011684,1.035315,1.007809,1.021221,1.021221,739770635
2020-02-19,1.020804,1.046077,1.003762,1.007414,1.007414,857550747
2020-02-20,1.007142,1.015348,1.004515,1.009512,1.009512,977934310
2020-02-21,1.010435,1.017457,1.004648,1.011225,1.011225,1007474893
2020-02-22,1.010731,1.018849,0.996111,0.999922,0.999922,945408542
2020-02-23,1.000603,1.003012,0.991505,0.997281,0.997281,1033736189
2020-02-24,0.998121,1.007127,0.995663,0.999537,0.999537,1114860352
2020-02-25,0.999405,1.009599,0.995669,1.000338,1.000338,1047807481
2020-02-26,1.000170,1.011169,0.997354,1.002998,1.002998,1160696128
2020-02-27,1.002992,1.006591,0.993636,1.000619,1.000619,1097362414
2020-02-28,1.000817,1.007644,0.991701,0.992981,0.992981,1039692084
2020-02-29,0.993455,1.005288,0.992683,1.004586,1.004586,938837732
2020-03-01,1.004780,1.006540,0.996994,1.001161,1.001161,897676018
2020-03-02,1.001680,1.004198,0.993333,0.994211,0.994211,938905914
2020-03-03,0.994527,1.005461,0.994381,1.002810,1.002810,1012370159
2020-03-04,1.001813,1.004683,0.994155,1.000453,1.000453,786351195
2020-03-05,1.000311,1.005686,0.995663,1.004377,1.004377,765829131
2020-03-06,1.004358,1.005572,0.996876,0.997434,0.997434,1401149802
2020-03-07,0.996692,1.008651,0.996589,1.000412,1.000412,1239893192
2020-03-08,1.000412,1.016220,0.997013,1.007404,1.007404,1430098332
2020-03-09,1.006718,1.008800,0.993796,1.001111,1.001111,1320662037
2020-03-10,1.001685,1.016714,0.992133,1.001519,1.001519,1545918026
2020-03-11,1.001969,1.006033,0.994540,0.997317,0.997317,1295474005
2020-03-12,0.997785,1.079099,0.957810,1.040553,1.040553,1605204520
2020-03-13,1.034064,1.060424,0.929222,1.002522,1.002522,847303035
2020-03-14,1.004306,1.007559,0.984917,1.000497,1.000497,574424825
2020-03-15,0.998445,1.014002,0.994500,1.003144,1.003144,712798810
2020-03-16,1.002490,1.043193,0.972554,0.998603,0.998603,700699447
2020-03-17,0.996377,1.005566,0.955294,0.970238,0.970238,561066412
2020-03-18,0.967938,1.003739,0.966304,0.970124,0.970124,649533429
2020-03-19,0.970124,1.005801,0.949526,1.002104,1.002104,1067530248
2020-03-20,1.001054,1.011423,0.960461,0.996585,0.996585,961675019
2020-03-21,0.994919,1.014718,0.985875,1.000914,1.000914,1073258927
2020-03-22,0.999033,1.011674,0.979283,0.995936,0.995936,687125480
2020-03-23,0.995936,1.006920,0.963307,0.991021,0.991021,687375222
2020-03-24,0.993657,1.013108,0.983102,0.995982,0.995982,743619081
2020-03-25,0.996095,1.005878,0.988550,0.997522,0.997522,734599583
2020-03-26,0.997522,1.005520,0.990570,0.994056,0.994056,829443692
2020-03-27,0.994389,1.024405,0.987559,1.012164,1.012164,956026571
2020-03-28,1.012199,1.017676,0.993048,0.996872,0.996872,821108456
2020-03-29,0.997570,1.008868,0.976254,0.978038,0.978038,641642083
2020-03-30,0.977026,1.005466,0.975388,1.005466,1.005466,947341484
2020-03-31,1.003729,1.005198,0.991137,1.001334,1.001334,757273271
2020-04-01,1.001334,1.009772,0.966787,0.995747,0.995747,874513925
2020-04-02,0.996031,1.005028,0.987538,0.999603,0.999603,1119590861
2020-04-03,1.000548,1.006199,0.995750,1.000666,1.000666,802031808
2020-04-04,1.000416,1.014921,0.994603,1.001581,1.001581,733529363
2020-04-05,1.001860,1.006141,0.997516,1.001514,1.001514,718937342
2020-04-06,1.002647,1.009615,0.990309,0.996729,0.996729,870767266
2020-04-07,0.995700,1.007283,0.990211,0.996328,0.996328,895902327
2020-04-08,0.996104,1.002896,0.986050,0.995846,0.995846,775527778
2020-04-09,0.995506,1.002784,0.993968,1.001512,1.001512,767509663
2020-04-10,1.001255,1.006053,0.990265,0.998971,0.998971,847956955
2020-04-11,0.998971,1.000780,0.980156,0.995007,0.995007,665074561
2020-04-12,0.994384,1.004120,0.988354,1.004065,1.004065,805969792
2020-04-13,1.003515,1.011036,0.991048,0.998423,0.998423,721095996
2020-04-14,0.998585,1.002756,0.989886,0.995927,0.995927,723478384
2020-04-15,0.994888,1.005773,0.967282,0.999661,0.999661,834202006
2020-04-16,0.999647,1.006591,0.980825,1.001097,1.001097,1055234948
2020-04-17,1,1,1,1,1,
2020-04-18,1.006103,1.007711,0.993817,0.999885,0.999885,850643276
2020-04-19,0.999326,1.010887,0.994826,1.006058,1.006058,894054504
2020-04-20,1.005675,1.009721,0.997188,1.002189,1.002189,645616338
2020-04-21,1.003429,1.007625,0.996867,1.002433,1.002433,512937610
2020-04-22,1.002031,1.007738,0.996028,1.000529,1.000529,416817326
2020-04-23,1.000328,1.005367,0.982147,0.993808,0.993808,469598546
2020-04-24,0.992689,1.007658,0.988780,1.006198,1.006198,435965644
2020-04-25,1.006231,1.008939,0.994852,1.003966,1.003966,379571252
2020-04-26,1.004201,1.009478,0.993392,0.998956,0.998956,419876552
2020-04-27,1.000119,1.006594,0.995308,1.002315,1.002315,425919491
2020-04-28,1.002539,1.006607,0.998135,1.004224,1.004224,358936206
2020-04-29,1.003924,1.010065,0.990877,1.005151,1.005151,617721870
2020-04-30,1.004829,1.009059,0.992140,1.001821,1.001821,588729708
2020-05-01,1.001821,1.008736,0.998707,1.004920,1.004920,483918719
2020-05-02,1.005839,1.008370,0.996078,1.002509,1.002509,527930176
2020-05-03,1.003095,1.009130,0.996540,0.999296,0.999296,538532397
2020-05-04,0.999697,1.008437,0.998382,1.002652,1.002652,546869282
2020-05-05,1.002153,1.004711,0.993840,0.999119,0.999119,568954079
2020-05-06,0.997192,1.011184,0.994740,1.008073,1.008073,570788155
2020-05-07,1.008073,1.012760,0.989498,1.000924,1.000924,569477470
2020-05-08,1.000924,1.008711,0.994624,1.003993,1.003993,573933002
2020-05-09,1.004169,1.006158,0.996621,1.002113,1.002113,527392293
2020-05-10,1.002004,1.010348,0.988602,1.001693,1.001693,628815173
2020-05-11,1.001526,1.005258,0.962439,0.997321,0.997321,560486656
2020-05-12,0.996746,1.005517,0.996716,1.001192,1.001192,418915209
2020-05-13,1.001149,1.003616,0.992232,1.001011,1.001011,442974311
2020-05-14,0.998531,1.008703,0.987995,0.996883,0.996883,589452910
2020-05-15,0.996757,1.017557,0.993883,1.002948,1.002948,733477055
2020-05-16,1.002666,1.004089,0.997301,0.999336,0.999336,590472282
2020-05-17,0.999702,1.004609,0.992698,1.001594,1.001594,623833304